Company,Market segment,Department / purpose,Email address(es),Phone / other direct contact,Region,Notes,Confidence,Source label,Source URL,Suggested emails for outreach
Bambu Lab,Consumer / prosumer FDM,Influencer & Media,marketing@bambulab.com,,Global,Official contact page lists Influencer & Media email.,High,Official company page,https://bambulab.com/en/contact-us,marketing@bambulab.com
Bambu Lab,Consumer / prosumer FDM,Talent Recruitment,hr@bambulab.com,,Global,Official contact page lists Talent Recruitment email.,High,Official company page,https://bambulab.com/en/contact-us,marketing@bambulab.com
Bambu Lab,Consumer / prosumer FDM,Customer support,,,Global,Official support page uses contact/live chat and support flow; no direct public phone found in retrieved official sources.,High,Official company page,https://bambulab.com/en/contact-us,marketing@bambulab.com
Bambu Lab,Consumer / prosumer FDM,Corporate sales / business purchases,,,Global,Official contact page points to corporate/business sales and partner forms.,High,Official company page,https://bambulab.com/en/contact-us,marketing@bambulab.com
Bambu Lab,Consumer / prosumer FDM,Partner sales,,,Global,Partner-with-us form for sales/partner inquiries.,High,Official company page,https://bambulab.com/en/partner-with-us,marketing@bambulab.com
Creality,Consumer / prosumer FDM/resin,Pre-sales support / official store,store@creality.com,+01 833 513 5012,US/global store,Official Creality Store contact page.,High,Official company page,https://store.creality.com/pages/contact,brand@creality.com; store@creality.com; cs@creality.com
Creality,Consumer / prosumer FDM/resin,After-sales / customer service,cs@creality.com,+01 833 513 5012,US/global store,Official Creality Store and Help Center list cs@creality.com.,High,Official company page,https://store.creality.com/pages/contact,brand@creality.com; store@creality.com; cs@creality.com
Creality,Consumer / prosumer FDM/resin,Brand inquiries,brand@creality.com,,Global,Listed on Creality after-sales/contact pages.,High,Official company page,https://www.creality.com/pages/contact-us,brand@creality.com; store@creality.com; cs@creality.com
Creality,Consumer / prosumer FDM/resin,UK official store,store.uk@creality.com,+86 755 3396 5666,UK / China HQ,Listed on Creality UK contact page.,High,Official company page,https://www.crealityofficial.co.uk/pages/contact-us,brand@creality.com; store@creality.com; cs@creality.com
Anycubic,Consumer / prosumer FDM/resin,Dealer / distributor inquiries,sales@anycubic.com,,Global,Official contact page lists dealer/distributor inquiries.,High,Official company page,https://store.anycubic.com/pages/contact-us,marketing@anycubic.com; taylorwang@anycubic.com; sales@anycubic.com
Anycubic,Consumer / prosumer FDM/resin,Alliance / business cooperation,business@anycubic.com,,Global,Official contact page lists alliance cooperation consulting.,High,Official company page,https://store.anycubic.com/pages/contact-us,marketing@anycubic.com; taylorwang@anycubic.com; sales@anycubic.com
Anycubic,Consumer / prosumer FDM/resin,Customer support,,,Global,Official page routes customer support through a form/link.,High,Official company page,https://store.anycubic.com/pages/contact-us,marketing@anycubic.com; taylorwang@anycubic.com; sales@anycubic.com
Anycubic,Consumer / prosumer FDM/resin,Marketing / Anycubic Maker program,marketing@anycubic.com,,Global,Listed in official Anycubic Maker terms.,High,Official program terms,https://store.anycubic.com/pages/anycubic-maker-terms,marketing@anycubic.com; taylorwang@anycubic.com; sales@anycubic.com
Anycubic,Consumer / prosumer FDM/resin,Affiliate program,taylorwang@anycubic.com,,Global,Listed on official affiliate program page; named public contact.,High,Official program page,https://store.anycubic.com/pages/affiliate-program,marketing@anycubic.com; taylorwang@anycubic.com; sales@anycubic.com
Prusa Research,Consumer / prosumer FDM/resin,Press / media,press@prusa3d.com,,Global,Official Ask Us Anything / media page.,High,Official company page,https://blog.prusa3d.com/ask-us-anything_4825/,press@prusa3d.com
Prusa Research,Consumer / prosumer FDM/resin,Customer service / complaints / support,info@prusa3d.com,+420 222 263 718,Global / Czech Republic,Official contact page lists email and phone; support also available through 24/7 live chat.,High,Official company page,https://www.prusa3d.com/page/contact_227/,press@prusa3d.com
Prusa Research,Consumer / prosumer FDM/resin,Privacy,privacy@prusa3d.com,,EU/global,Official contact page lists privacy email.,High,Official company page,https://www.prusa3d.com/page/contact_227/,press@prusa3d.com
ELEGOO,Consumer / prosumer resin/FDM,Marketing collaboration / sponsorship / influencer,marketing@elegoo.com,,Global,Official contact page lists Marketing Collaboration email.,High,Official company page,https://www.elegoo.com/pages/contact-us,marketing@elegoo.com; info@elegoo.com
ELEGOO,Consumer / prosumer resin/FDM,Customer support / order / technical / after-sales,,,Global,Official contact page routes support through a form.,High,Official company page,https://www.elegoo.com/pages/contact-us,marketing@elegoo.com; info@elegoo.com
ELEGOO,Consumer / prosumer resin/FDM,General / lifetime support,info@elegoo.com,,Global,Official homepage/support text lists lifetime support email.,High,Official company page,https://www.elegoo.com/,marketing@elegoo.com; info@elegoo.com
Flashforge,Consumer / prosumer FDM/resin,Sales,customer@flashforge.com,+86 57982273989,Global / China,Official contact page lists phone and sales email.,High,Official company page,https://flashforge.com/pages/contact-us,mkt2@flashforge.com; tongtong.shi@flashforge.com; customer@flashforge.com
Flashforge,Consumer / prosumer FDM/resin,Technical support,support@flashforge.com,+86 57982273989,Global / China,Official contact page lists online technology support email.,High,Official company page,https://flashforge.com/pages/contact-us,mkt2@flashforge.com; tongtong.shi@flashforge.com; customer@flashforge.com
Flashforge,Consumer / prosumer FDM/resin,Marketing / suggestions / complaints,mkt2@flashforge.com,+86 57982273989,Global / China,Official contact page lists marketing and suggestion/complaint contact.,High,Official company page,https://flashforge.com/pages/contact-us,mkt2@flashforge.com; tongtong.shi@flashforge.com; customer@flashforge.com
Flashforge,Consumer / prosumer FDM/resin,Distributor application,info@flashforge.com,,Global,Official distributor application page.,High,Official company page,https://flashforge.com/pages/distributor-application,mkt2@flashforge.com; tongtong.shi@flashforge.com; customer@flashforge.com
Flashforge,Consumer / prosumer FDM/resin,Product/general inquiries,002@flashforge.com,,EU / UK,Listed on official regional pages.,High,Official company page,https://flashforge.com/pages/contact-us,mkt2@flashforge.com; tongtong.shi@flashforge.com; customer@flashforge.com
Flashforge,Consumer / prosumer FDM/resin,Affiliate manager,tongtong.shi@flashforge.com,,Global,Official affiliate page lists named public contact.,High,Official program page,https://flashforge.com/pages/affiliate-program,mkt2@flashforge.com; tongtong.shi@flashforge.com; customer@flashforge.com
QIDI Tech,Consumer / prosumer FDM,General office / phone,,0086-577-66881077,China / global,Official contact page lists phone and hours.,High,Official company page,https://us.qidi3d.com/pages/contact-us,Chloe@qd3dprinter.com; Max4support@qidi3d.com; Q2support@qidi3d.com; Plus4support@qidi3d.com; Q1support@qidi3d.com; Max3support@qd3Dprinter.com; Plus3support01@qd3Dprinter.com; Smart3support@qd3dprinter.com; may@qd3dprinter.com; linda@qd3dprinter.com; sophia@qd3dprinter.com; lisa@qd3dprinter.com
QIDI Tech,Consumer / prosumer FDM,Social media & influencer,Chloe@qd3dprinter.com,,Global,Official contact page lists named department contact.,High,Official company page,https://us.qidi3d.com/pages/contact-us,Chloe@qd3dprinter.com; Max4support@qidi3d.com; Q2support@qidi3d.com; Plus4support@qidi3d.com; Q1support@qidi3d.com; Max3support@qd3Dprinter.com; Plus3support01@qd3Dprinter.com; Smart3support@qd3dprinter.com; may@qd3dprinter.com; linda@qd3dprinter.com; sophia@qd3dprinter.com; lisa@qd3dprinter.com
QIDI Tech,Consumer / prosumer FDM,Agency cooperation / reseller,tim@qidi3d.com,,Global,Official US contact page lists reseller contact.,High,Official company page,https://us.qidi3d.com/pages/contact-us,Chloe@qd3dprinter.com; Max4support@qidi3d.com; Q2support@qidi3d.com; Plus4support@qidi3d.com; Q1support@qidi3d.com; Max3support@qd3Dprinter.com; Plus3support01@qd3Dprinter.com; Smart3support@qd3dprinter.com; may@qd3dprinter.com; linda@qd3dprinter.com; sophia@qd3dprinter.com; lisa@qd3dprinter.com
QIDI Tech,Consumer / prosumer FDM,Order support,lexie@qd3dprinter.com,,Global,Official US contact page lists order support.,High,Official company page,https://us.qidi3d.com/pages/contact-us,Chloe@qd3dprinter.com; Max4support@qidi3d.com; Q2support@qidi3d.com; Plus4support@qidi3d.com; Q1support@qidi3d.com; Max3support@qd3Dprinter.com; Plus3support01@qd3Dprinter.com; Smart3support@qd3dprinter.com; may@qd3dprinter.com; linda@qd3dprinter.com; sophia@qd3dprinter.com; lisa@qd3dprinter.com
QIDI Tech,Consumer / prosumer FDM,Delivery issues,Clark@qidi3d.com; Clarence@qd3dprinter.com,,Global,Official US contact page lists delivery contacts.,High,Official company page,https://us.qidi3d.com/pages/contact-us,Chloe@qd3dprinter.com; Max4support@qidi3d.com; Q2support@qidi3d.com; Plus4support@qidi3d.com; Q1support@qidi3d.com; Max3support@qd3Dprinter.com; Plus3support01@qd3Dprinter.com; Smart3support@qd3dprinter.com; may@qd3dprinter.com; linda@qd3dprinter.com; sophia@qd3dprinter.com; lisa@qd3dprinter.com
QIDI Tech,Consumer / prosumer FDM,Suggestions / feedback,Karl@qd3dprinter.com,,Global,Official US contact page lists feedback contact.,High,Official company page,https://us.qidi3d.com/pages/contact-us,Chloe@qd3dprinter.com; Max4support@qidi3d.com; Q2support@qidi3d.com; Plus4support@qidi3d.com; Q1support@qidi3d.com; Max3support@qd3Dprinter.com; Plus3support01@qd3Dprinter.com; Smart3support@qd3dprinter.com; may@qd3dprinter.com; linda@qd3dprinter.com; sophia@qd3dprinter.com; lisa@qd3dprinter.com
QIDI Tech,Consumer / prosumer FDM,Model-specific support,Max4support@qidi3d.com; Q2support@qidi3d.com; Plus4support@qidi3d.com; Q1support@qidi3d.com; Max3support@qd3Dprinter.com; Plus3support01@qd3Dprinter.com; Smart3support@qd3dprinter.com; may@qd3dprinter.com; linda@qd3dprinter.com; sophia@qd3dprinter.com; lisa@qd3dprinter.com,,Global,Official after-sales page lists model-specific support addresses; full list compressed here.,High,Official company page,https://us.qidi3d.com/pages/after-sales,Chloe@qd3dprinter.com; Max4support@qidi3d.com; Q2support@qidi3d.com; Plus4support@qidi3d.com; Q1support@qidi3d.com; Max3support@qd3Dprinter.com; Plus3support01@qd3Dprinter.com; Smart3support@qd3dprinter.com; may@qd3dprinter.com; linda@qd3dprinter.com; sophia@qd3dprinter.com; lisa@qd3dprinter.com
FLSUN,Consumer / prosumer delta FDM,Order / customer support / after-sales,service@flsun3d.com,,Global,Official contact/wiki support pages.,High,Official company page,https://flsun3d.com/pages/contact-us,affiliates@flsun3d.com; service@flsun3d.com; contact@flsun3d.com
FLSUN,Consumer / prosumer delta FDM,Complaints,complaint@flsun3d.com,,Global,Official warranty statement lists complaint email.,High,Official company page,https://flsun3d.com/pages/warranty-return,affiliates@flsun3d.com; service@flsun3d.com; contact@flsun3d.com
FLSUN,Consumer / prosumer delta FDM,KOL / Media,affiliates@flsun3d.com,,Global,Official warranty/contact statement lists KOL/Media email.,High,Official company page,https://flsun3d.com/pages/warranty-return,affiliates@flsun3d.com; service@flsun3d.com; contact@flsun3d.com
FLSUN,Consumer / prosumer delta FDM,Corporate subscription / distributor cooperation,flsun@flsun3d.com,,Global,Official warranty/contact statement.,High,Official company page,https://flsun3d.com/pages/warranty-return,affiliates@flsun3d.com; service@flsun3d.com; contact@flsun3d.com
FLSUN,Consumer / prosumer delta FDM,Cooperation / service provider partnerships,contact@flsun3d.com,,Global,Official cooperation/service provider pages.,High,Official company page,https://flsun3d.com/pages/partner-with-us,affiliates@flsun3d.com; service@flsun3d.com; contact@flsun3d.com
FLSUN,Consumer / prosumer delta FDM,After-sales Skype,,Skype: live:.cid.ec23288db32a3b7,Global,Official wiki lists Skype support handle.,High,Official support wiki,https://wiki.flsun3d.com/,affiliates@flsun3d.com; service@flsun3d.com; contact@flsun3d.com
Sovol,Consumer / prosumer FDM,General support/help,info@sovol3d.com,,Global,Official Sovol forum/blog pages list support/help email; no central official contact page found in retrieved results.,Medium,Official forum/blog,https://forum.sovol3d.com/,sale@sovol3d.com; info@sovol3d.com
Sovol,Consumer / prosumer FDM,Sales support,sale@sovol3d.com,,Global,Listed in official forum support response; verify before use.,Medium,Official forum,https://forum.sovol3d.com/,sale@sovol3d.com; info@sovol3d.com
Snapmaker,Consumer / prosumer modular FDM/CNC/laser,Pre-sales / logistics / general,info@snapmaker.com,,Global,Official contact page.,High,Official company page,https://www.snapmaker.com/pages/contact-us,social@snapmaker.com; press@snapmaker.com; info@snapmaker.com
Snapmaker,Consumer / prosumer modular FDM/CNC/laser,Technical support,support@snapmaker.com,,Global,Official contact page.,High,Official company page,https://www.snapmaker.com/pages/contact-us,social@snapmaker.com; press@snapmaker.com; info@snapmaker.com
Snapmaker,Consumer / prosumer modular FDM/CNC/laser,News / media / events,press@snapmaker.com,,Global,Official contact/cooperation page.,High,Official company page,https://www.snapmaker.com/pages/contact-us,social@snapmaker.com; press@snapmaker.com; info@snapmaker.com
Snapmaker,Consumer / prosumer modular FDM/CNC/laser,YouTube / TikTok influencers / affiliate,affiliate@snapmaker.com,,Global,Official cooperation/affiliate pages.,High,Official company page,https://www.snapmaker.com/pages/cooperation,social@snapmaker.com; press@snapmaker.com; info@snapmaker.com
Snapmaker,Consumer / prosumer modular FDM/CNC/laser,Social media content partner,social@snapmaker.com,,Global,Official cooperation page.,High,Official company page,https://www.snapmaker.com/pages/cooperation,social@snapmaker.com; press@snapmaker.com; info@snapmaker.com
Snapmaker,Consumer / prosumer modular FDM/CNC/laser,Community,community@snapmaker.com,,Global,Official community challenge page.,High,Official company page,https://www.snapmaker.com/pages/community,social@snapmaker.com; press@snapmaker.com; info@snapmaker.com
Raise3D,Professional / prosumer FDM,US Direct Sales,salesadmin@raise3d.us,1 888-963-9028,United States,Official contact page.,High,Official company page,https://www.raise3d.com/contact/,press@raise3d.com; enquiry@raise3d.eu; sales@raise3d.com; inquiry@raise3d.com
Raise3D,Professional / prosumer FDM,Europe sales / info,enquiry@raise3d.eu,+31 (0)6 23872606,Europe,Official contact page.,High,Official company page,https://www.raise3d.com/contact/,press@raise3d.com; enquiry@raise3d.eu; sales@raise3d.com; inquiry@raise3d.com
Raise3D,Professional / prosumer FDM,Press,press@raise3d.com,,Global,Official contact/press pages.,High,Official company page,https://www.raise3d.com/contact/,press@raise3d.com; enquiry@raise3d.eu; sales@raise3d.com; inquiry@raise3d.com
Raise3D,Professional / prosumer FDM,Careers,careers@raise3d.eu,,Europe,Official contact page.,High,Official company page,https://www.raise3d.com/contact/,press@raise3d.com; enquiry@raise3d.eu; sales@raise3d.com; inquiry@raise3d.com
Raise3D,Professional / prosumer FDM,General sales / other inquiries,sales@raise3d.com; inquiry@raise3d.com,,Global,Listed in official quick start guide/resources.,High,Official documentation,https://support.raise3d.com/,press@raise3d.com; enquiry@raise3d.eu; sales@raise3d.com; inquiry@raise3d.com
Raise3D,Professional / prosumer FDM,Open Filament Program,ofp@raise3d.com,,Global,Official OFP page.,High,Official company page,https://www.raise3d.com/ofp/,press@raise3d.com; enquiry@raise3d.eu; sales@raise3d.com; inquiry@raise3d.com
Phrozen,Consumer / prosumer resin,Technical support,support@phrozen3d.com,,EU/global,Official EU contact page lists support email.,High,Official company page,https://eu.phrozen3d.com/pages/contact-us,business.americas@phrozen3d.com; support@phrozen3d.com; info@phrozen3d.com
Phrozen,Consumer / prosumer resin,Orders / shipment / inventory,info@phrozen3d.com,,EU/global,Official EU contact page lists order/inventory email.,High,Official company page,https://eu.phrozen3d.com/pages/contact-us,business.americas@phrozen3d.com; support@phrozen3d.com; info@phrozen3d.com
Phrozen,Consumer / prosumer resin,Business inquiry - Americas,business.americas@phrozen3d.com,,Americas,Official business inquiry page lists regional emails; Americas visible in retrieved source.,High,Official company page,https://phrozen3d.com/pages/business-inquiry,business.americas@phrozen3d.com; support@phrozen3d.com; info@phrozen3d.com
Peopoly,Professional / prosumer resin/FDM,General contact,contact@peopoly.net,,Global / Hong Kong,Official contact page.,High,Official company page,https://peopoly.net/pages/contact,contact@peopoly.net; support@peopoly.net
Peopoly,Professional / prosumer resin/FDM,Support,support@peopoly.net,,Global / Hong Kong,Official contact page.,High,Official company page,https://peopoly.net/pages/contact,contact@peopoly.net; support@peopoly.net
UniFormation,Consumer / prosumer resin,Customer/order support,order@uniformation3d.com,,Global,Official contact page.,High,Official company page,https://uniformation3d.com/pages/contact-us,Marketing@uniformation3d.com; sales01@uniformation3d.com; order@uniformation3d.com
UniFormation,Consumer / prosumer resin,Technical support,support@uniformation3d.com,,Global,Official contact page.,High,Official company page,https://uniformation3d.com/pages/contact-us,Marketing@uniformation3d.com; sales01@uniformation3d.com; order@uniformation3d.com
UniFormation,Consumer / prosumer resin,Influencer & Media / corporate,Marketing@uniformation3d.com,,Global,Official contact page.,High,Official company page,https://uniformation3d.com/pages/contact-us,Marketing@uniformation3d.com; sales01@uniformation3d.com; order@uniformation3d.com
UniFormation,Consumer / prosumer resin,Distributor,sales01@uniformation3d.com,,Global,Official contact page.,High,Official company page,https://uniformation3d.com/pages/contact-us,Marketing@uniformation3d.com; sales01@uniformation3d.com; order@uniformation3d.com
HeyGears,Professional / dental resin,Global service,contact@heygears.com,+1 318-353-4295,Global / US,Official contact/store pages list global service and support emails.,High,Official company page,https://www.heygears.com/pages/contact-us,sales@heygears.com; lwang@heygears.com; info@heygears.com
HeyGears,Professional / dental resin,Technical support,customersupport@heygears.com,+1 949-283-2998 (WhatsApp US),US/global,Official store contact lists support email and WhatsApp.,High,Official company page,https://store.heygears.com/pages/contact-us,sales@heygears.com; lwang@heygears.com; info@heygears.com
HeyGears,Professional / dental resin,Business development,sales@heygears.com,+1 949-418-9418,USA,Official contact page lists BD/sales and USA service number.,High,Official company page,https://www.heygears.com/pages/contact-us,sales@heygears.com; lwang@heygears.com; info@heygears.com
HeyGears,Professional / dental resin,Europe service,,+49 211 93598403,Europe,Official contact page lists Europe service number.,High,Official company page,https://www.heygears.com/pages/contact-us,sales@heygears.com; lwang@heygears.com; info@heygears.com
HeyGears,Professional / dental resin,HR,hr@heygears.com,,Global,Official contact page lists HR email.,High,Official company page,https://www.heygears.com/pages/contact-us,sales@heygears.com; lwang@heygears.com; info@heygears.com
HeyGears,Professional / dental resin,Suggestion / general,info@heygears.com,,Global,Official contact page lists suggestion email.,High,Official company page,https://www.heygears.com/pages/contact-us,sales@heygears.com; lwang@heygears.com; info@heygears.com
HeyGears,Professional / dental resin,Distributor / partnership,lwang@heygears.com,,Global,Official store/contact support page lists distributor contact.,High,Official company page,https://store.heygears.com/pages/contact-us,sales@heygears.com; lwang@heygears.com; info@heygears.com
MINGDA,Consumer / prosumer FDM,Technical support,support@3dmingda.com,,Global / China,Official support center/store page.,High,Official company page,https://www.3dmingdaofficial.com/pages/support,info@3dmingda.com; market@3dmingda.com; support@3dmingda.com
MINGDA,Consumer / prosumer FDM,Pre-sales / logistics,market@3dmingda.com,,Global / China,Official store contact page.,High,Official company page,https://3dmingdaofficial.com/pages/contact-us,info@3dmingda.com; market@3dmingda.com; support@3dmingda.com
MINGDA,Consumer / prosumer FDM,Distributor / general info,info@3dmingda.com,,Global / China,Official distributor info page.,High,Official company page,https://3dmingdaofficial.com/pages/distributor,info@3dmingda.com; market@3dmingda.com; support@3dmingda.com
LulzBot,Professional / prosumer FDM,Support,support@lulzbot.com,+1-701-809-0800 ext 2,United States,Official contact/support pages.,High,Official company page,https://lulzbot.com/contact-us,press@LulzBot.com; support@lulzbot.com
LulzBot,Professional / prosumer FDM,Press / marketing,press@LulzBot.com,,United States,Official press page.,High,Official company page,https://lulzbot.com/press,press@LulzBot.com; support@lulzbot.com
BCN3D,Professional / prosumer FDM,Sales,sales@bcn3d.com,+34 935 95 43 43,Europe / global,Official contact/reseller pages.,High,Official company page,https://www.bcn3d.com/contact-us/,press@bcn3d.com; dmartinez@bcn3d.com; sales@bcn3d.com
BCN3D,Professional / prosumer FDM,Press,press@bcn3d.com,+34 935 95 43 43,Global,Official contact/pressroom page.,High,Official company page,https://www.bcn3d.com/press/,press@bcn3d.com; dmartinez@bcn3d.com; sales@bcn3d.com
BCN3D,Professional / prosumer FDM,PR manager / press,dmartinez@bcn3d.com,+34 935 95 43 43,Global,Listed on BCN3D press/category pages as press contact; named public contact.,High,Official press page,https://www.bcn3d.com/press/,press@bcn3d.com; dmartinez@bcn3d.com; sales@bcn3d.com
eufyMake / AnkerMake,Consumer 3D printer / craft hardware,Media,pr@anker.com,,Global,Official eufyMake contact page lists media email. AnkerMake was rebranded to eufyMake in 2025.,High,Official company page,https://www.eufymake.com/pages/contact-us,pr@anker.com; support@eufymake.com; support@anker.com
eufyMake / AnkerMake,Consumer 3D printer / craft hardware,Support,support@eufymake.com,,US/UK/CA/global,Official eufyMake contact/service pages list support email.,High,Official company page,https://www.eufymake.com/pages/contact-us,pr@anker.com; support@eufymake.com; support@anker.com
eufyMake / AnkerMake,Consumer 3D printer / craft hardware,Regional support - Japan,support@anker.com,,Japan,Official eufyMake contact page lists regional support emails.,High,Official company page,https://www.eufymake.com/pages/contact-us,pr@anker.com; support@eufymake.com; support@anker.com
eufyMake / AnkerMake,Consumer 3D printer / craft hardware,Regional support - Middle East & Africa,support.mea@anker.com,,MEA,Official eufyMake contact page lists regional support emails.,High,Official company page,https://www.eufymake.com/pages/contact-us,pr@anker.com; support@eufymake.com; support@anker.com
eufyMake / AnkerMake,Consumer 3D printer / craft hardware,Regional support - China,CED-CN@anker.com,,China,Official eufyMake contact page lists regional support emails.,High,Official company page,https://www.eufymake.com/pages/contact-us,pr@anker.com; support@eufymake.com; support@anker.com
eufyMake / AnkerMake,Consumer 3D printer / craft hardware,Regional support - India,Support.india@anker.com,,India,Official eufyMake contact page lists regional support emails.,High,Official company page,https://www.eufymake.com/pages/contact-us,pr@anker.com; support@eufymake.com; support@anker.com
Monoprice,Consumer / prosumer private-label 3D printers,Customer service / technical support / returns / corporate,,1 (877) 271-2592,United States,Official contact page routes categories via forms; newsroom/accessibility page lists support phone.,High,Official company page,https://www.monoprice.com/help?pn=contact,MPB2Bsales@monoprice.com
Monoprice,Consumer / prosumer private-label 3D printers,B2B sales,MPB2Bsales@monoprice.com,909-296-7116,United States,Official B2B/corporate page.,High,Official company page,https://www.monoprice.com/pages/b2b,MPB2Bsales@monoprice.com
Artillery3D,Consumer / prosumer FDM,Technical/customer support,support@artillery3d.com,,Global,Official contact/customer service pages.,High,Official company page,https://artillery3d.com/pages/contact-us,marketing@artillery3d.com; artillery3d@hotmail.com; info@artillery3d.com
Artillery3D,Consumer / prosumer FDM,Order problems / corporate sales,artillery3d@hotmail.com,,Global,Official contact page lists order/corporate sales email.,High,Official company page,https://artillery3d.com/pages/contact-us,marketing@artillery3d.com; artillery3d@hotmail.com; info@artillery3d.com
Artillery3D,Consumer / prosumer FDM,Influencer & Media,marketing@artillery3d.com,,Global,Official contact page.,High,Official company page,https://artillery3d.com/pages/contact-us,marketing@artillery3d.com; artillery3d@hotmail.com; info@artillery3d.com
Artillery3D,Consumer / prosumer FDM,General,info@artillery3d.com,,Global / US registered address,Official customer service policy.,High,Official company page,https://artillery3d.com/pages/customer-service,marketing@artillery3d.com; artillery3d@hotmail.com; info@artillery3d.com
Tronxy,Consumer / prosumer FDM/resin,Commercial inquiries,info@tronxy.com,+86 755 8996 8500,Global / China,Official contact pages.,High,Official company page,https://www.tronxy.com/contact-us/,support@tronxy.com; Dyran@tronxy.com; info@tronxy.com
Tronxy,Consumer / prosumer FDM/resin,After-sales / technical support,support@tronxy.com,+86 755 8996 8500,Global / China,Official contact pages.,High,Official company page,https://www.tronxy.com/contact-us/,support@tronxy.com; Dyran@tronxy.com; info@tronxy.com
Tronxy,Consumer / prosumer FDM/resin,Pre-sale,monica@tronxy.com,0086-755-89968500,Global / China,Official store/contact page.,High,Official company page,https://www.tronxy3dprinter.com/pages/contact-us,support@tronxy.com; Dyran@tronxy.com; info@tronxy.com
Tronxy,Consumer / prosumer FDM/resin,Business cooperation/inquiry,Dyran@tronxy.com,,Global / China,Official mobile/contact page.,High,Official company page,https://m.tronxyonline.com/contact-us-a0084.html,support@tronxy.com; Dyran@tronxy.com; info@tronxy.com
Kingroon,Consumer / prosumer FDM,General store/support,shop@kingroon.com,,Global / China,Official contact/warranty pages.,High,Official company page,https://kingroon.com/pages/contact-us,shop@kingroon.com; zhengkaitao@kingroon.com; shop@kingroon3d.com
Kingroon,Consumer / prosumer FDM,Corporate sales,zhengkaitao@kingroon.com,,Global / China,Official contact page.,High,Official company page,https://kingroon.com/pages/contact-us,shop@kingroon.com; zhengkaitao@kingroon.com; shop@kingroon3d.com
Kingroon,Consumer / prosumer FDM,Alternate official support/store,shop@kingroon3d.com,,Global / China,Alternate official Kingroon3D site.,High,Official company page,https://kingroon3d.com/pages/contact-us,shop@kingroon.com; zhengkaitao@kingroon.com; shop@kingroon3d.com
Voxelab,Consumer / prosumer FDM/resin,Support,support@voxelab3dp.com,,Global,Listed in official Voxelab Aquila manual/PDF; current direct contact page not found in retrieved results.,Medium,Official manual,https://www.voxelab3dp.com/download,support@voxelab3dp.com
Airwolf 3D,Professional / prosumer FDM,General,info@airwolf3d.com,(949) 478-2933,United States,Official contact page.,High,Official company page,https://airwolf3d.com/contact/,sales@airwolf3d.com; info@airwolf3d.com
Airwolf 3D,Professional / prosumer FDM,Sales,sales@airwolf3d.com,(949) 478-2933,United States,Official contact page.,High,Official company page,https://airwolf3d.com/contact/,sales@airwolf3d.com; info@airwolf3d.com
Airwolf 3D,Professional / prosumer FDM,Tech support,,,United States,Official contact page routes tech support through a ticket.,High,Official company page,https://airwolf3d.com/contact/,sales@airwolf3d.com; info@airwolf3d.com
Formlabs,Professional desktop SLA/SLS,Press,press@formlabs.com,,Global,Official press page.,High,Official company page,https://formlabs.com/company/press/,press@formlabs.com
Formlabs,Professional desktop SLA/SLS,Sales/contact - US & Canada,,+1 833 489 0545,US / Canada,Official contact page phone.,High,Official company page,https://formlabs.com/contact/,press@formlabs.com
Formlabs,Professional desktop SLA/SLS,Sales/contact - Germany/Austria/Switzerland,,+49 30 5200 6329,DACH,Official contact page phone.,High,Official company page,https://formlabs.com/contact/,press@formlabs.com
Formlabs,Professional desktop SLA/SLS,Sales/contact - UK,,+44 8081 341875,UK,Official contact page phone.,High,Official company page,https://formlabs.com/contact/,press@formlabs.com
Formlabs,Professional desktop SLA/SLS,Sales/contact - France,,+33 8 01 84 16 58,France,Official contact page phone.,High,Official company page,https://formlabs.com/contact/,press@formlabs.com
Formlabs,Professional desktop SLA/SLS,Sales/contact - Italy,,+39 80 093 4189,Italy,Official contact page phone.,High,Official company page,https://formlabs.com/contact/,press@formlabs.com
Formlabs,Professional desktop SLA/SLS,Dental sales/support/press/jobs,,,Global,"Official dental contact page routes sales, support, press, and jobs via forms/links.",High,Official company page,https://dental.formlabs.com/contact/,press@formlabs.com
UltiMaker,Professional / prosumer FDM,General / support / sales / media,,,Global,"Official contact pages route purchase orders, support, privacy, media/press/sponsorship, and general inquiries through web forms/buttons; direct emails not visible in retrieved official text.",High,Official company page,https://ultimaker.com/contact/,
UltiMaker,Professional / prosumer FDM,Support,,,Global,Official contact page points to support knowledge base/form.,High,Official company page,https://support.makerbot.com/s/contactsupport,
Markforged,Industrial composite/metal FDM,Sales - North & South America,NAsales@markforged.com,1-866-496-1805,Americas,Official contact/homepage list sales emails and phone.,High,Official company page,https://markforged.com/contact,press@markforged.com; investors@markforged.com; NAsales@markforged.com
Markforged,Industrial composite/metal FDM,Sales - APAC,APACsales@markforged.com,1-866-496-1805,APAC,Official contact/homepage list sales emails and phone.,High,Official company page,https://markforged.com/contact,press@markforged.com; investors@markforged.com; NAsales@markforged.com
Markforged,Industrial composite/metal FDM,Sales - EMEA,EMEAsales@markforged.com,1-866-496-1805,EMEA,Official contact/homepage list sales emails and phone.,High,Official company page,https://markforged.com/contact,press@markforged.com; investors@markforged.com; NAsales@markforged.com
Markforged,Industrial composite/metal FDM,Press / media,press@markforged.com,,Global,Official press/media pages.,High,Official company page,https://markforged.com/about/press,press@markforged.com; investors@markforged.com; NAsales@markforged.com
Markforged,Industrial composite/metal FDM,Investor relations,investors@markforged.com,,Global,Official IR pages/press releases.,High,Official company page,https://investors.markforged.com/,press@markforged.com; investors@markforged.com; NAsales@markforged.com
Markforged,Industrial composite/metal FDM,Legal notices,legal@markforged.com,,Global,Official legal notice page.,High,Official company page,https://markforged.com/legal,press@markforged.com; investors@markforged.com; NAsales@markforged.com
Stratasys,Industrial polymer AM,Americas FDM technical support,FDM.support.us@stratasys.com,+1-800-801-6491,Americas,Official support/locations page.,High,Official company page,https://www.stratasys.com/en/contact-us/office-locations-and-support/,FDM.support.us@stratasys.com; Polyjet.support.us@stratasys.com; P3.Support.US@Stratasys.com
Stratasys,Industrial polymer AM,Americas PolyJet technical support,Polyjet.support.us@stratasys.com,+1-800-801-6491,Americas,Official support/locations page.,High,Official company page,https://www.stratasys.com/en/contact-us/office-locations-and-support/,FDM.support.us@stratasys.com; Polyjet.support.us@stratasys.com; P3.Support.US@Stratasys.com
Stratasys,Industrial polymer AM,Americas P3 technical support,P3.Support.US@Stratasys.com,+1-800-801-6491,Americas,Official support/locations page.,High,Official company page,https://www.stratasys.com/en/contact-us/office-locations-and-support/,FDM.support.us@stratasys.com; Polyjet.support.us@stratasys.com; P3.Support.US@Stratasys.com
Stratasys,Industrial polymer AM,Americas SL technical support,SL.Support.US@Stratasys.com,+1-800-801-6491,Americas,Official support/locations page.,High,Official company page,https://www.stratasys.com/en/contact-us/office-locations-and-support/,FDM.support.us@stratasys.com; Polyjet.support.us@stratasys.com; P3.Support.US@Stratasys.com
Stratasys,Industrial polymer AM,Americas SAF technical support,SAF.Support.US@Stratasys.com,+1-800-801-6491,Americas,Official support/locations page.,High,Official company page,https://www.stratasys.com/en/contact-us/office-locations-and-support/,FDM.support.us@stratasys.com; Polyjet.support.us@stratasys.com; P3.Support.US@Stratasys.com
Stratasys,Industrial polymer AM,Direct Manufacturing worldwide,,+1 888-311-1017,Worldwide,Official support/locations page.,High,Official company page,https://www.stratasys.com/en/contact-us/office-locations-and-support/,FDM.support.us@stratasys.com; Polyjet.support.us@stratasys.com; P3.Support.US@Stratasys.com
Stratasys,Industrial polymer AM,US headquarters,,+1-952-937-3000,United States,Official office locations page.,High,Official company page,https://www.stratasys.com/en/contact-us/office-locations/,FDM.support.us@stratasys.com; Polyjet.support.us@stratasys.com; P3.Support.US@Stratasys.com
Stratasys,Industrial polymer AM,Israel headquarters,,+972-74-745-4000,Israel,Official office locations page.,High,Official company page,https://www.stratasys.com/en/contact-us/office-locations/,FDM.support.us@stratasys.com; Polyjet.support.us@stratasys.com; P3.Support.US@Stratasys.com
Stratasys,Industrial polymer AM,Investor / PR contacts,,+1 651 357 0877; +972 74 745 6053; +91 80 6746 2606; +972 74 745 4919,Global,Official investor press release lists PR and IR phone contacts.,High,Official press release,https://investors.stratasys.com/news-events/press-releases/,FDM.support.us@stratasys.com; Polyjet.support.us@stratasys.com; P3.Support.US@Stratasys.com
3D Systems,Industrial polymer/metal AM,Media / press,press@3dsystems.com,,Global,Official press/IR releases list media contact.,High,Official company page,https://investor.3dsystems.com/news-events/press-releases,press@3dsystems.com; Support@3DSystems.com; AMS_3DXpert_Support@Oqton.com
3D Systems,Industrial polymer/metal AM,Investor relations,investor.relations@3dsystems.com,803-326-3907,Global,Official investor relations pages.,High,Official company page,https://investor.3dsystems.com/contact-us,press@3dsystems.com; Support@3DSystems.com; AMS_3DXpert_Support@Oqton.com
3D Systems,Industrial polymer/metal AM,Service / support,Support@3DSystems.com,+1 888.598.1438; +1 803.326.3930,US/global,Official service/support page.,High,Official company page,https://support.3dsystems.com/s/,press@3dsystems.com; Support@3DSystems.com; AMS_3DXpert_Support@Oqton.com
3D Systems,Industrial polymer/metal AM,3DXpert software support - Americas,AMS_3DXpert_Support@Oqton.com,,Americas,Official software support page.,High,Official company page,https://support.3dsystems.com/s/article/3DXpert-Support-Contacts,press@3dsystems.com; Support@3DSystems.com; AMS_3DXpert_Support@Oqton.com
3D Systems,Industrial polymer/metal AM,3DXpert software support - EMEA,EMEA_3DXpert_Support@Oqton.com,,EMEA,Official software support page.,High,Official company page,https://support.3dsystems.com/s/article/3DXpert-Support-Contacts,press@3dsystems.com; Support@3DSystems.com; AMS_3DXpert_Support@Oqton.com
3D Systems,Industrial polymer/metal AM,3DXpert software support - APAC,APAC_3DXpert_Support@Oqton.com,,APAC,Official software support page.,High,Official company page,https://support.3dsystems.com/s/article/3DXpert-Support-Contacts,press@3dsystems.com; Support@3DSystems.com; AMS_3DXpert_Support@Oqton.com
3D Systems,Industrial polymer/metal AM,3D Sprint software support,infocenterhelp@3dsystems.com,,Global,Official software support page.,High,Official company page,https://support.3dsystems.com/s/,press@3dsystems.com; Support@3DSystems.com; AMS_3DXpert_Support@Oqton.com
HP 3D Printing,Industrial polymer/metal AM,3D Printing Solutions contact,,,Global,Official HP 3D Printing contact page uses inquiry forms and call-us flow; no direct email retrieved.,High,Official company page,https://www.hp.com/us-en/printers/3d-printers/contact-us.html,
HP 3D Printing,Industrial polymer/metal AM,Corporate office,,+1 650-857-1501,"Palo Alto, California",Official HP office locations page.,High,Official company page,https://www.hp.com/us-en/contact-hp/office-locations.html,
HP 3D Printing,Industrial polymer/metal AM,Jet Fusion service bureau contact,,,Global,Official HP materials/service-bureau page points users to HP 3D contact form.,High,Official company page,https://www.hp.com/us-en/printers/3d-printers/materials.html,
Nano Dimension / Desktop Metal,Industrial electronics/metal/binder jet AM,Media / PR,pr@nano-di.com,+1 617 714 9530,Global / US,Nano Dimension contact/IR pages; Nano acquired Desktop Metal in 2025.,High,Official company page,https://www.nano-di.com/contact,pr@nano-di.com; contact@nano-di.com; support@nano-di.com
Nano Dimension / Desktop Metal,Industrial electronics/metal/binder jet AM,Investor relations,ir@nano-di.com,+1 617 714 9530,Global / US,Official Nano Dimension IR FAQ/contact.,High,Official company page,https://investors.nano-di.com/contact-ir/,pr@nano-di.com; contact@nano-di.com; support@nano-di.com
Nano Dimension / Desktop Metal,Industrial electronics/metal/binder jet AM,General contact,contact@nano-di.com,+1 617 714 9530,Global / US,Official Nano Dimension IR FAQ/contact.,High,Official company page,https://investors.nano-di.com/contact-ir/,pr@nano-di.com; contact@nano-di.com; support@nano-di.com
Nano Dimension / Desktop Metal,Industrial electronics/metal/binder jet AM,Support,support@nano-di.com,+1 (856) 218 1131,Global / US,Official Nano support page.,High,Official company page,https://www.nano-di.com/support,pr@nano-di.com; contact@nano-di.com; support@nano-di.com
Nano Dimension / Desktop Metal,Industrial electronics/metal/binder jet AM,Desktop Metal sales / press inquiries,,,Global,Desktop Metal page uses contact sales and press inquiry forms; direct current emails not retrieved from official source.,High,Official company page,https://www.desktopmetal.com/contact,pr@nano-di.com; contact@nano-di.com; support@nano-di.com
Nexa3D,Professional/industrial polymer AM,Sales,sales@nexa3d.com,(805) 465-9001,US/global,Official contact page.,High,Official company page,https://nexa3d.com/contact-us/,sales@nexa3d.com; eu-sales@nexa3d.com; support@i-am-marketplace.com
Nexa3D,Professional/industrial polymer AM,Europe sales,eu-sales@nexa3d.com,+45 32 11 90 70,Europe,Official contact page.,High,Official company page,https://nexa3d.com/contact-us/,sales@nexa3d.com; eu-sales@nexa3d.com; support@i-am-marketplace.com
Nexa3D,Professional/industrial polymer AM,Support transition,support@i-am-marketplace.com,,Global,Official support center notice says new support requests go to this address after July 1.,High,Official support notice,https://nexa3d.com/support/,sales@nexa3d.com; eu-sales@nexa3d.com; support@i-am-marketplace.com
Carbon,Professional/industrial DLS/resin,Media / press,pr@carbon3d.com,,Global,Official contact page.,High,Official company page,https://www.carbon3d.com/contact,pr@carbon3d.com; support@carbon3d.com
Carbon,Professional/industrial DLS/resin,Support,support@carbon3d.com,North America: 1 (650) 285-6307 ext. 2; Germany: +49 6102 5790849; UK: +44 (0) 2082 647484,North America / Europe,Official support page.,High,Official company page,https://support.carbon3d.com/,pr@carbon3d.com; support@carbon3d.com
Carbon,Professional/industrial DLS/resin,Privacy/data requests,privacy@carbon3d.com,+1 (888) 344-3009,Global,Official privacy page.,High,Official company page,https://www.carbon3d.com/privacy-policy,pr@carbon3d.com; support@carbon3d.com
EOS,Industrial metal/polymer AM,General HQ,info@eos.info,+49 89 893 36 0,Germany / global,Official locations/imprint pages.,High,Official company page,https://www.eos.info/en/contact/locations,claudia.rupp@eos.info; press@eos.info; info@eos.info
EOS,Industrial metal/polymer AM,North America,,+1 877 388 7916,North America,Official locations page.,High,Official company page,https://www.eos.info/en/contact/locations,claudia.rupp@eos.info; press@eos.info; info@eos.info
EOS,Industrial metal/polymer AM,Press,press@eos.info,,Global,Official press pages instruct press questions to this email.,High,Official company page,https://www.eos.info/en/press,claudia.rupp@eos.info; press@eos.info; info@eos.info
EOS,Industrial metal/polymer AM,Global Marketing & Communications,claudia.rupp@eos.info,+49 174 6982565,Global,Official 2026 press release lists named public EOS contact.,High,Official press release,https://www.eos.info/en/press,claudia.rupp@eos.info; press@eos.info; info@eos.info
EOS,Industrial metal/polymer AM,Recruiting,recruiting@eos.info,+49 89 89336 2931,Germany/global,Official recruiting contact page.,High,Official company page,https://www.eos.info/en/careers/contact,claudia.rupp@eos.info; press@eos.info; info@eos.info
EOS,Industrial metal/polymer AM,Data protection officer,dpo@eos.info,,EU/global,Official privacy/imprint pages.,High,Official company page,https://www.eos.info/en/privacy-policy,claudia.rupp@eos.info; press@eos.info; info@eos.info
Velo3D,Industrial metal AM,Corporate / HQ,,408-610-3915,United States,Official IR/contact pages list HQ phone.,High,Official company page,https://ir.velo3d.com/company-information,james@haydenir.com; investors@velo3d.com
Velo3D,Industrial metal AM,Investor relations,investors@velo3d.com,408-610-3915,Global,Official IR page.,High,Official company page,https://ir.velo3d.com/company-information,james@haydenir.com; investors@velo3d.com
Velo3D,Industrial metal AM,IR agency contact,james@haydenir.com,(646)-755-7412,Global,Official IR page lists Hayden IR contact.,High,Official company page,https://ir.velo3d.com/company-information,james@haydenir.com; investors@velo3d.com
Velo3D,Industrial metal AM,Press/news alerts,,,Global,Official IR site offers press-release email alerts via web form.,High,Official company page,https://ir.velo3d.com/news-events/press-releases,james@haydenir.com; investors@velo3d.com
Nikon SLM Solutions / Nikon AM,Industrial metal AM,Support,,,Global,Official contact page routes support through web contact flow; no direct support email retrieved.,High,Official company page,https://www.nikon-slm-solutions.com/contact/,
Nikon SLM Solutions / Nikon AM,Industrial metal AM,Press,,,Global,Official press pages route press inquiries through press team/form; no direct email retrieved.,High,Official company page,https://www.nikon-slm-solutions.com/press/,
Nikon Advanced Manufacturing,Industrial metal AM,Corporate status note,,,Global,Nikon consolidated SLM Solutions and other AM units under Nikon Advanced Manufacturing.,High,Official news/release,https://advancedmanufacturing.nikon.com/,
Materialise,Industrial 3D printing services/software,3D printing services - Belgium/Netherlands,projects@materialise.be,+32 16 39 62 72,Belgium / Netherlands,Official 3D printing services contact page.,High,Official company page,https://www.materialise.com/en/industrial/3d-printing-services/contact-us,investors@materialise.com; projects@materialise.be; projekty@materialise.cz
Materialise,Industrial 3D printing services/software,3D printing services - Czech/Slovakia,projekty@materialise.cz,+420 474 720 005,Czech Republic / Slovakia,Official 3D printing services contact page.,High,Official company page,https://www.materialise.com/en/industrial/3d-printing-services/contact-us,investors@materialise.com; projects@materialise.be; projekty@materialise.cz
Materialise,Industrial 3D printing services/software,3D printing services - France/Luxembourg,projet@materialise.fr,+33 4 75 25 99 10,France / Luxembourg,Official 3D printing services contact page.,High,Official company page,https://www.materialise.com/en/industrial/3d-printing-services/contact-us,investors@materialise.com; projects@materialise.be; projekty@materialise.cz
Materialise,Industrial 3D printing services/software,US industrial software,software@materialise.com,+1 734 259 6445; +1 888 662 5057,United States,Official US locations page.,High,Official company page,https://www.materialise.com/de/uber-uns/standorte/united-states,investors@materialise.com; projects@materialise.be; projekty@materialise.cz
Materialise,Industrial 3D printing services/software,US healthcare software,mimics@materialise.com,+1 734 259 6445; +1 888 662 5057,United States,Official US locations page.,High,Official company page,https://www.materialise.com/de/uber-uns/standorte/united-states,investors@materialise.com; projects@materialise.be; projekty@materialise.cz
Materialise,Industrial 3D printing services/software,Media requests,,,Global,Official media contact page uses a press-team request form; no direct email shown in retrieved source.,High,Official company page,https://www.materialise.com/en/contact/media,investors@materialise.com; projects@materialise.be; projekty@materialise.cz
Materialise,Industrial 3D printing services/software,Investor relations,investors@materialise.com,,Global,Official investor press releases list investor contact email.,High,Official IR/release,https://investors.materialise.com/,investors@materialise.com; projects@materialise.be; projekty@materialise.cz
BigRep,Large-format industrial FDM,Berlin office,,+49 30 20 84 82 60,Germany / global,Official contact page.,High,Official company page,https://bigrep.com/contact/,marketing@bigrep.com
BigRep,Large-format industrial FDM,Sales direct,,+49 30 20 84 82 635,Germany / global,Official contact page.,High,Official company page,https://bigrep.com/contact/,marketing@bigrep.com
BigRep,Large-format industrial FDM,USA & Canada,,+1 781 281 0569,US / Canada,Official contact page.,High,Official company page,https://bigrep.com/contact/,marketing@bigrep.com
BigRep,Large-format industrial FDM,APAC,,+65 909 8196 / +65 9793 2515,APAC,Official contact page.,High,Official company page,https://bigrep.com/contact/,marketing@bigrep.com
BigRep,Large-format industrial FDM,Press,marketing@bigrep.com,,Global,Official press/media page.,High,Official company page,https://bigrep.com/press-media/,marketing@bigrep.com
Renishaw Additive Manufacturing,Industrial metal AM,Additive manufacturing customer support,,,Global,Official support page routes customers through Renishaw offices/distributors and support packages; no direct email shown in retrieved source.,High,Official company page,https://www.renishaw.com/en/additive-manufacturing-global-customer-support--15264,robin.weston@renishaw.com
Renishaw Additive Manufacturing,Industrial metal AM,Press/marketing - additive manufacturing,robin.weston@renishaw.com,,Global,Listed in an industry article as Renishaw additive manufacturing marketing manager; not from current official page.,Low,Secondary source,https://www.metal-am.com/articles/renishaw-global-solutions-centres-for-metal-3d-printing/,robin.weston@renishaw.com
Colibrium Additive / GE Aerospace,Industrial metal AM,General inquiries,,,Global,Official Colibrium contact page uses a general inquiry form.,High,Official company page,https://www.colibriumadditive.com/contact-general,sebastian.tacke@ge.com
Colibrium Additive / GE Aerospace,Industrial metal AM,Customer support,,,Global,Official Colibrium site links to customer support/service request form.,High,Official company page,https://www.colibriumadditive.com/,sebastian.tacke@ge.com
Colibrium Additive / GE Aerospace,Industrial metal AM,Media inquiries,sebastian.tacke@ge.com,,Global,Official GE Aerospace rebrand press release lists media contact.,High,Official press release,https://www.geaerospace.com/news/press-releases/ge-additive-rebrands-colibrium-additive,sebastian.tacke@ge.com
Meltio,Industrial wire-laser metal AM,General / talk to expert / quotes / reseller / press,,+34 953 888 089; +1 (915) 282-3437,Global,Official contact page provides contact form with reasons including press and communications; HQ and regional phone numbers listed.,High,Official company page,https://meltio3d.com/contact-us/,miguel.aguayo@meltio3d.com
Meltio,Industrial wire-laser metal AM,EMEA,,+34 672 22 37 83,EMEA,Official contact page lists regional contact.,High,Official company page,https://meltio3d.com/contact-us/,miguel.aguayo@meltio3d.com
Meltio,Industrial wire-laser metal AM,"UK, Ireland & APAC",,+44 790 3816 978,UK / Ireland / APAC,Official contact page lists regional contact.,High,Official company page,https://meltio3d.com/contact-us/,miguel.aguayo@meltio3d.com
Meltio,Industrial wire-laser metal AM,Eastern Europe & DACH,,+48 514 867 666,Eastern Europe / DACH,Official contact page lists regional contact.,High,Official company page,https://meltio3d.com/contact-us/,miguel.aguayo@meltio3d.com
Meltio,Industrial wire-laser metal AM,Legal notice contact,miguel.aguayo@meltio3d.com,+34 953 888 089,Spain/global,Official legal notice/privacy pages.,High,Official legal/privacy page,https://meltio3d.com/legal-notice/,miguel.aguayo@meltio3d.com
Xact Metal,Industrial metal AM,Sales / general,info@xactmetal.com,+1-814-205-1505,Global / United States,Official sales/product pages.,High,Official company page,https://xactmetal.com/sales-2/,media@xactmetal.com; info@xactmetal.com
Xact Metal,Industrial metal AM,Media contact,media@xactmetal.com,,Global,Official news posts list media contact.,High,Official news post,https://xactmetal.com/xact-metal-announces-a-new-sales-partnership-first-production-partner-in-ohio-and-the-introduction-of-a-powder-handling-system/,media@xactmetal.com; info@xactmetal.com
Xact Metal,Industrial metal AM,Sales / application help / tech support / jobs,,,Global,Official contact page routes these reasons through form.,High,Official company page,https://xactmetal.com/contact/,media@xactmetal.com; info@xactmetal.com
SHINING 3D,3D scanners / dental / 3D printing ecosystem,Quote and reselling,sales@shining3d.com,+86-571-82999050; +49-711-28444089; +1 415-259-4787,APAC / EMEA / Americas,Official quote/contact and docs pages.,High,Official company page,https://www.shining3d.com/get-a-quote,marketing@shining3d.com; sales@shining3d.com
SHINING 3D,3D scanners / dental / 3D printing ecosystem,Marketing cooperation / press,marketing@shining3d.com,,Global,Official quote/support pages list marketing/press contact.,High,Official company page,https://www.shining3d.com/get-a-quote,marketing@shining3d.com; sales@shining3d.com
SHINING 3D,3D scanners / dental / 3D printing ecosystem,Aftersales / product support,,,Global,Official page routes aftersales/product support to support center.,High,Official company page,https://www.shining3d.com/support/our-support,marketing@shining3d.com; sales@shining3d.com
Lithoz,Industrial ceramic AM,Sales contact,sales@lithoz.com,+43 1 9346612 200,Global / Austria,Official contact page.,High,Official company page,https://www.lithoz.com/en/contact/,khofhansl@lithoz.com; sales@lithoz.com; office@lithoz.com
Lithoz,Industrial ceramic AM,Lithoz America / office,office@lithoz.com,+43 1 9346612 200,USA / Austria,Official USA contact page.,High,Official company page,https://www.lithoz.com/en/contact-usa/,khofhansl@lithoz.com; sales@lithoz.com; office@lithoz.com
Lithoz,Industrial ceramic AM,Press contact,khofhansl@lithoz.com,+43 1 9346612-221,Global / Austria,Listed in official/archived Lithoz press article; named contact may be dated.,Medium,Official news/press article,https://www.lithoz.com/en/ceramic-3d-printing-global-market-leader-lithoz-celebrates-10-years-of-leadership-in-quality-and-innovation/,khofhansl@lithoz.com; sales@lithoz.com; office@lithoz.com
